{"a": 0.08268888880167657, "c": 0.04573283203692221, "b": 0.018085818230339945, "e": 0.10556658791394237, "d": 0.02998359536274656, "g": 0.02124655620354309, "f": 0.011332150734284122, "i": 0.08784231925464864, "h": 0.02762395704967701, "k": 0.007024952316664443, "j": 0.0012293666554162774, "m": 0.030814619749927396, "l": 0.05863431394865113, "o": 0.07641352636908079, "n": 0.07047224162696326, "q": 0.0016831432540834988, "p": 0.035004081536541526, "s": 0.06211588424134439, "r": 0.07229764997684512, "u": 0.03926075131668799, "t": 0.06914819509744669, "w": 0.006381815969796629, "v": 0.009281080508308281, "y": 0.023432532985879453, "x": 0.0031141338900967795, "z": 0.0035890049684858282}